title,url,date,journal
标,h,8,每
题,t,小,日
：,t,时,经
E,p,前,济
标,h,8,财
题,t,小,经
：,t,时,网
标,h,3,每
题,t,4,日
：,t,分,经
甘,p,钟,济
肃,s,前,新
标,h,昨,腾
题,t,天,讯
：,t,2,网
标,h,7,潇
题,t,小,湘
：,t,时,晨
甘,p,前,报
标,h,9,Z
题,t,小,A
：,t,时,K
2,p,前,E
标,h,5,新
题,t,6,浪
：,t,分,财
中,p,钟,经
标,h,8,河
题,t,小,北
：,t,时,新
助,p,前,闻
标,h,2,证
题,t,3,券
：,t,分,市
神,p,钟,场
州,s,前,红
标,h,2,中
题,t,小,国
：,t,时,发
新,p,前,展
标,h,7,潇
题,t,小,湘
：,t,时,晨
甘,p,前,报
标,h,昨,新
题,t,天,浪
：,t,2,财
孙,p,0,经
标,h,昨,和
题,t,天,讯
：,t,1,银
金,p,7,行
标,h,今,资
题,t,天,本
标,h,9,中
题,t,小,国
：,t,时,财
金,p,前,经
标,h,1,站
题,t,小,长
：,t,时,之
京,p,前,家
标,h,前,澎
题,t,天,湃
：,t,1,新
广,p,7,闻
标,h,7,站
题,t,小,长
：,t,时,之
拓,p,前,家
标,h,3,腾
题,t,小,讯
：,t,时,新
山,p,前,闻
标,h,前,每
题,t,天,日
：,t,2,经
金,p,2,济
鼎,s,:,新
奖,:,3,闻
标,h,1,新
题,t,1,浪
：,t,小,财
金,p,时,经
标,h,4,金
题,t,天,融
：,t,前,界
标,h,今,深
题,t,天,圳
标,h,昨,东
题,t,天,方
：,t,1,财
估,p,4,富
图,s,:,网
标,h,昨,新
题,t,天,浪
：,t,2,新
中,p,2,闻
标,h,昨,极
题,t,天,客
标,h,昨,嘉
题,t,天,林
：,t,1,说
业,p,7,财
标,h,4,孟
题,t,天,永
：,t,前,辉
标,h,前,每
题,t,天,日
：,t,2,经
四,p,2,济
川,s,:,新
天,:,2,闻
标,h,前,潇
题,t,天,湘
：,t,2,晨
1,p,1,报
标,h,昨,睿
题,t,天,哲
：,t,1,道
金,p,7,财
标,h,8,经
题,t,天,济
：,t,前,观
标,h,昨,证
题,t,天,券
标,h,1,中
题,t,0,国
：,t,月,产
李,p,1,业
璠,s,4,经
:,:,日,济
标,h,1,未
题,t,0,来
：,t,月,网
标,h,1,同
题,t,0,花
：,t,月,顺
坚,p,1,财
持,s,4,经
标,h,1,人
题,t,0,民
：,t,月,网
重,p,8,重
庆,s,日,庆
标,h,昨,新
题,t,天,浪
：,t,2,财
.,p,0,经
标,h,1,腾
题,t,小,讯
：,t,时,新
.,p,前,闻
标,h,2,腾
题,t,小,讯
：,t,时,网
标,h,昨,华
题,t,天,龙
：,t,2,网
标,h,3,新
题,t,小,浪
标,h,昨,互
题,t,天,联
标,h,3,央
题,t,小,广
：,t,时,网
标,h,昨,读
题,t,天,创
标,h,1,手
题,t,8,机
：,t,小,凤
中,p,时,凰
新,s,前,网
标,h,昨,翔
题,t,天,风
：,t,1,拂
科,p,5,财
标,h,今,S
题,t,天,Z
标,h,昨,优
题,t,天,秀
：,t,1,股
金,p,0,痴
标,h,2,中
题,t,小,国
：,t,时,发
新,p,前,展
标,h,昨,C
题,t,天,I
：,t,1,O
业,p,6,时
技,s,:,代
标,h,1,新
题,t,8,浪
：,t,小,财
金,p,时,经
标,h,8,中
题,t,天,国
：,t,前,网
标,h,昨,腾
题,t,天,讯
：,t,1,网
标,h,1,华
题,t,0,龙
：,t,月,网
标,h,5,同
题,t,小,花
：,t,时,顺
杭,p,前,财
标,h,7,中
题,t,天,国
：,t,前,网
标,h,今,招
题,t,天,商
标,h,9,澎
题,t,天,湃
：,t,前,新
标,h,1,上
题,t,0,观
：,t,月,新
中,p,1,闻
标,h,3,孟
题,t,天,永
：,t,前,辉
标,h,昨,东
题,t,天,方
：,t,1,财
【,p,6,富
图,s,:,网
标,h,昨,澎
题,t,天,湃
：,t,1,新
刘,p,8,闻
标,h,前,中
题,t,天,国
：,t,1,网
金,p,6,科
融,s,:,学
科,:,5,频
技,/,3,道
标,h,1,中
题,t,0,国
：,t,小,电
金,p,时,子
融,s,前,银
标,h,前,澎
题,t,天,湃
：,t,0,新
中,p,1,闻
标,h,7,手
题,t,小,机
：,t,时,凤
琶,p,前,凰
标,h,昨,中
题,t,天,国
：,t,1,电
百,p,1,力
信,s,:,网
标,h,昨,腾
题,t,天,讯
：,t,2,新
政,p,2,闻
标,h,昨,同
题,t,天,花
：,t,1,顺
飞,p,5,财
天,s,:,经
标,h,昨,东
题,t,天,方
：,t,1,财
【,p,6,富
图,s,:,网
标,h,昨,东
题,t,天,方
标,h,前,东
题,t,天,方
：,t,1,财
2,p,0,富
0,s,:,网
标,h,前,界
题,t,天,面
：,t,1,新
奥,p,9,闻
标,h,昨,资
题,t,天,本
标,h,前,天
题,t,天,极
：,t,2,网
睿,p,1,资
智,s,:,讯
标,h,昨,深
题,t,天,圳
：,t,1,新
预,p,1,闻
告,s,:,网
标,h,3,首
题,t,小,席
：,t,时,数
恒,p,前,智
标,h,前,中
题,t,天,国
标,h,昨,中
题,t,天,国
：,t,1,金
云,p,5,融
南,s,:,新
省,:,2,闻
金,/,3,网
标,h,昨,田
题,t,天,华
：,t,1,说
金,p,6,财
标,h,昨,若
题,t,天,冰
：,t,1,问
金,p,6,财
标,h,昨,R
题,t,天,P
：,t,1,A
2,p,6,中
0,s,:,国
标,h,1,3
题,t,0,6
：,t,小,k
3,p,时,r
标,h,昨,云
题,t,天,间
：,t,1,财
浅,p,3,经
标,h,昨,新
题,t,天,浪
：,t,2,财
孙,p,0,经
标,h,昨,春
题,t,天,晖
：,t,1,报
金,p,7,财
标,h,9,寻
题,t,小,汇
：,t,时,S
寻,p,前,U
标,h,1,河
题,t,0,北
：,t,月,频
R,p,1,道
标,h,昨,睿
题,t,天,思
：,t,1,财
科,p,6,来
标,h,昨,人
题,t,天,大
：,t,1,金
金,p,5,融
融,s,:,科
科,:,1,技
技,/,8,研
标,h,昨,腾
题,t,天,讯
：,t,1,网
标,h,前,观
题,t,天,园
：,t,0,不
重,p,7,语
标,h,3,腾
题,t,天,讯
：,t,前,网
标,h,前,晨
题,t,天,财
：,t,0,经
标,h,昨,腾
题,t,天,讯
：,t,1,网
标,h,前,腾
题,t,天,讯
：,t,1,新
国,p,6,闻
标,h,3,腾
题,t,天,讯
：,t,前,新
标,h,昨,腾
题,t,天,讯
：,t,1,新
巴,p,5,闻
标,h,前,腾
题,t,天,讯
：,t,1,网
